{
  "season": "2025-26",
  "methodology": "expanding_window",
  "min_train_weeks": 5,
  "total_weeks_tested": 2,
  "overall_metrics": {
    "rmse": 18.3400376970532,
    "mae": 16.1523216747169,
    "spearman": 0.9999999999999999,
    "r_squared": -2.7269471770563154,
    "mean_actual": 29.5,
    "mean_predicted": 13.347678325283097,
    "n_weeks": 2,
    "cumulative_points": 0.0,
    "total_transfer_cost": 0
  },
  "weekly_results": [
    {
      "gameweek": 6,
      "predicted_points": 12.534420363918926,
      "actual_points": 20,
      "rmse": 1.9587178842538513,
      "spearman": 0.6328404585882204,
      "n_predictions": 742,
      "net_points": 0.0,
      "transfer_cost": 0,
      "solver_result": null
    },
    {
      "gameweek": 7,
      "predicted_points": 14.160936286647267,
      "actual_points": 39,
      "rmse": 1.9760451440606652,
      "spearman": 0.643684781436743,
      "n_predictions": 743,
      "net_points": 0.0,
      "transfer_cost": 0,
      "solver_result": null
    }
  ],
  "timestamp": "2026-01-14T10:02:52.049886"
}