{
  "season": "2025-26",
  "methodology": "expanding_window",
  "min_train_weeks": 5,
  "total_weeks_tested": 3,
  "overall_metrics": {
    "rmse": 20.62422177514838,
    "mae": 19.030031630619636,
    "spearman": 1.0,
    "r_squared": -5.1153781381382455,
    "mean_actual": 31.666666666666668,
    "mean_predicted": 12.63663503604703,
    "n_weeks": 3,
    "cumulative_points": 0.0,
    "total_transfer_cost": 0
  },
  "weekly_results": [
    {
      "gameweek": 6,
      "predicted_points": 12.147044254988547,
      "actual_points": 20,
      "rmse": 1.9654999242671427,
      "spearman": 0.7105881468469911,
      "n_predictions": 0,
      "net_points": 0.0,
      "transfer_cost": 0,
      "solver_result": null
    },
    {
      "gameweek": 7,
      "predicted_points": 13.318716477435585,
      "actual_points": 39,
      "rmse": 1.9862274047767159,
      "spearman": 0.7405662511918717,
      "n_predictions": 0,
      "net_points": 0.0,
      "transfer_cost": 0,
      "solver_result": null
    },
    {
      "gameweek": 8,
      "predicted_points": 12.444144375716956,
      "actual_points": 36,
      "rmse": 2.2299080798449697,
      "spearman": 0.7243638728411838,
      "n_predictions": 0,
      "net_points": 0.0,
      "transfer_cost": 0,
      "solver_result": null
    }
  ],
  "timestamp": "2026-01-14T08:35:09.004155"
}